feature,selected,stabl_score,coef,coef_abs,rank
rna__LOC414037,1,0.346,1.263550662485953,1.263550662485953,1
rna__LOC100576221,1,0.238,-0.94944350730646,0.94944350730646,2
rna__LOC102653858,1,0.234,1.4896373777103264,1.4896373777103264,3
