feature,selected,stabl_score,coef,coef_abs,rank
prot__XP_623499,1,0.59,-1.4225420116388547,1.4225420116388547,1
prot__XP_026301924,1,0.588,-1.4317307812729225,1.4317307812729225,2
