feature,selected,stabl_score,coef,coef_abs,rank
prot__XP_006566068,1,0.428,0.5717563365545134,0.5717563365545134,1
prot__XP_026301542,1,0.416,0.5722922791915008,0.5722922791915008,2
prot__XP_026298830,1,0.416,0.5706478973230416,0.5706478973230416,3
prot__XP_016772668,1,0.414,0.5714001423629892,0.5714001423629892,4
prot__XP_003250512,1,0.396,0.5691257300344259,0.5691257300344259,5
prot__XP_003249681,1,0.38,0.5721745189908438,0.5721745189908438,6
prot__XP_006559175,1,0.37,0.5653255520275691,0.5653255520275691,7
