feature,selected,stabl_score,coef,coef_abs,rank
prot__XP_003251482,1,0.53,0.6775490968926665,0.6775490968926665,1
prot__XP_006561354,1,0.288,0.5454645018839474,0.5454645018839474,2
prot__XP_006568004,1,0.286,0.27450583142908336,0.27450583142908336,3
prot__XP_001120184,1,0.27,0.4027453142527108,0.4027453142527108,4
prot__XP_026298720,1,0.262,0.6591535621252734,0.6591535621252734,5
prot__XP_006558978,1,0.252,0.400710148751847,0.400710148751847,6
prot__XP_006564938,1,0.228,0.48132929134954594,0.48132929134954594,7
prot__XP_003251850,1,0.216,0.30429558896918457,0.30429558896918457,8
prot__XP_026296479,1,0.208,0.4514588283486382,0.4514588283486382,9
