feature,selected,stabl_score,coef,coef_abs,rank
rna__LOC413362,1,0.292,1.1446427977381013,1.1446427977381013,1
rna__LOC102653997,1,0.266,1.2411438304086178,1.2411438304086178,2
rna__LOC113219115,1,0.252,-1.4664265905480964,1.4664265905480964,3
