feature,selected,stabl_score,coef,coef_abs,rank
prot__XP_003250976,1,0.682,0.7746851683357073,0.7746851683357073,1
prot__XP_026297257,1,0.558,-0.7300754279869919,0.7300754279869919,2
prot__XP_001121251,1,0.434,0.5878281101521244,0.5878281101521244,3
prot__XP_026295519,1,0.422,0.6245545592982921,0.6245545592982921,4
prot__XP_006569730,1,0.386,0.5376445742674645,0.5376445742674645,5
prot__XP_006564795,1,0.312,0.5483071563060634,0.5483071563060634,6
