feature,selected,stabl_score,coef,coef_abs,rank
prot__XP_001121500,1,0.648,-1.3299427148642569,1.3299427148642569,1
prot__XP_396217,1,0.522,0.9480917289514241,0.9480917289514241,2
prot__XP_006563018,1,0.334,0.85792900776778,0.85792900776778,3
