feature,selected,stabl_score,coef,coef_abs,rank
rna__LOC725901,1,0.564,1.04162110699142,1.04162110699142,1
rna__LOC410019,1,0.32,0.6558609696511566,0.6558609696511566,2
rna__LOC551454,1,0.276,0.5197230292295227,0.5197230292295227,3
rna__LOC113219098,1,0.18,0.7836006021512026,0.7836006021512026,4
rna__LOC409346,1,0.146,0.5745855212870662,0.5745855212870662,5
rna__LOC414032,1,0.14,0.5543651977160273,0.5543651977160273,6
