feature,selected,stabl_score,coef,coef_abs,rank
rna__LOC412254,1,0.244,1.4760183807122413,1.4760183807122413,1
rna__LOC411980,1,0.156,-0.8016007089399853,0.8016007089399853,2
rna__LOC102654768,1,0.148,-1.0334863075319174,1.0334863075319174,3
rna__LOC100576590,1,0.144,-0.6647416252100137,0.6647416252100137,4
