feature,selected,stabl_score,coef,coef_abs,rank
rna__Mir9884,1,0.174,1.5485414643820936,1.5485414643820936,1
rna__LOC725191,1,0.142,0.8236471594016028,0.8236471594016028,2
