feature,selected,stabl_score,coef,coef_abs,rank
prot__XP_006565473,1,0.518,1.3752238624787194,1.3752238624787194,1
prot__XP_026297057,1,0.506,1.3692279210132765,1.3692279210132765,2
