feature,selected,stabl_score,coef,coef_abs,rank
rna__LOC552192,1,0.172,-0.592495190338307,0.592495190338307,1
rna__LOC113218582,1,0.15,0.608862321036347,0.608862321036347,2
rna__LOC412401,1,0.136,-0.4240638829157654,0.4240638829157654,3
rna__LOC411856,1,0.124,0.703123667341975,0.703123667341975,4
rna__LOC552081,1,0.112,0.6679101438580947,0.6679101438580947,5
rna__LOC102654517,1,0.11,0.5794078864088432,0.5794078864088432,6
rna__LOC409765,1,0.102,0.576365831809895,0.576365831809895,7
rna__LOC413858,1,0.102,-0.4246830231223392,0.4246830231223392,8
rna__LOC102653584,1,0.102,0.25606858267050736,0.25606858267050736,9
