feature,selected,stabl_score,coef,coef_abs,rank
prot__XP_006567799,1,0.806,-1.0569307964997272,1.0569307964997272,1
prot__XP_396012,1,0.73,-1.0515806814572253,1.0515806814572253,2
prot__XP_001122470,1,0.728,-1.0520236133789753,1.0520236133789753,3
