feature,selected,stabl_score,coef,coef_abs,rank
rna__LOC113218861,1,0.304,0.7936020531590736,0.7936020531590736,1
rna__LOC100576679,1,0.232,0.9091123263744468,0.9091123263744468,2
rna__LOC725255,1,0.222,0.6324683055625415,0.6324683055625415,3
rna__Kakusei,1,0.218,0.8398337463661104,0.8398337463661104,4
rna__LOC102656039,1,0.2,0.8565379157617775,0.8565379157617775,5
